category,zip_code
electrician,77901
mosquito control,77901
pool repair,77901
handyman,77901
plumbing,77901
appliance repair,77901
cabinets,77901
roofing,77901
locksmith,77901
solar,77901
flooring hardwood,77901
swimming pool installation,77901
garage door repair,77901
tile and grout cleaning,77901
carpet cleaning,77901
foundation repair,77901
maid service,77901
upholstery cleaning,77901
porches,77901
long distance mover,77901
drywall contractors,77901
furniture mover,77901
pest control,77901
masonry contractor,77901
gate repair,77901
pool repair,50510
appliance repair,50510
flooring hardwood,50510
furniture mover,50510
gutter cleaning,50510
handyman,50510
roofing,50510
air conditioning,50510
landscaper,50510
tile and grout cleaning,50510
plumbing,50510
long distance mover,50510
carpet cleaning,50510
mosquito control,50510
pest control,50510
drywall contractors,50510
swimming pool installation,50510
garage door repair,50510
upholstery cleaning,50510
electrician,50510
masonry contractor,50510
maid service,50510
porches,50510
painting,50510
locksmith,50510
solar,50510
remodel contractors,50510
gate repair,50510
drain cleaning,50510
air duct cleaning,50510
painting,29056
masonry contractor,29056
gutter cleaning,29056
appliance repair,29056
remodel contractors,29056
mosquito control,29056
tile and grout cleaning,29056
porches,29056
handyman,29056
furniture mover,29056
fencing contractor,29056
locksmith,29056
carpet cleaning,29056
garage door repair,29056
roofing,29056
countertops,29056
gate repair,29056
flooring hardwood,29056
landscaper,29056
electrician,29056
maid service,29056
drywall contractors,29056
drain cleaning,29056
long distance mover,29056
drain cleaning,69101
solar,69101
plumbing,69101
pest control,69101
furniture mover,69101
landscaper,69101
gate repair,69101
electrician,69101
long distance mover,69101
maid service,69101
pool repair,69101
locksmith,69101
countertops,69101
porches,69101
cabinets,69101
painting,69101
fencing contractor,69101
handyman,69101
appliance repair,69101
upholstery cleaning,69101
mosquito control,69101
drywall contractors,69101
flooring hardwood,69101
swimming pool installation,69101
carpet cleaning,69101
roofing,69101
air duct cleaning,69101
tile and grout cleaning,69101
swimming pool installation,42301
carpet cleaning,42301
long distance mover,42301
countertops,56324
pest control,56324
long distance mover,56324
cabinets,56324
mosquito control,56324
maid service,56324
solar,56324
swimming pool installation,56324
gutter cleaning,56324
pool repair,56324
porches,56324
foundation repair,56324
locksmith,56324
tile and grout cleaning,56324
landscaper,56324
roofing,56324
upholstery cleaning,56324
masonry contractor,56324
plumbing,56324
handyman,56324
mosquito control,47424
pool repair,47424
appliance repair,47424
air conditioning,47424
locksmith,47424
pest control,47424
upholstery cleaning,47424
tile and grout cleaning,47424
porches,47424
maid service,47424
furniture mover,47424
foundation repair,47424
masonry contractor,47424
long distance mover,47424
gate repair,47424
swimming pool installation,47424
painting,47424
flooring hardwood,36301
countertops,36301
maid service,36301
masonry contractor,36301
solar,36301
furniture mover,36301
upholstery cleaning,36301
gate repair,36301
locksmith,36301
carpet cleaning,36301
gutter cleaning,36301
drain cleaning,36301
air conditioning,36301
remodel contractors,36301
handyman,36301
swimming pool installation,36301
carpet cleaning,39631
foundation repair,39631
pool repair,39631
furniture mover,39631
porches,39631
gate repair,39631
landscaper,39631
drain cleaning,39631
long distance mover,39631
locksmith,39631
cabinets,39631
mosquito control,39631
painting,39631
gutter cleaning,39631
appliance repair,39631
swimming pool installation,39631
painting,93203
countertops,93203
drain cleaning,93203
mosquito control,93203
electrician,93203
gutter cleaning,93203
air duct cleaning,93203
maid service,93203
swimming pool installation,93203
flooring hardwood,93203
gate repair,93203
landscaper,93203
fencing contractor,93203
long distance mover,93203
foundation repair,93203
upholstery cleaning,93203
masonry contractor,93203
handyman,93203
furniture mover,93203
fencing contractor,59801
pool repair,59801
flooring hardwood,59801
maid service,59801
locksmith,59801
furniture mover,59801
long distance mover,59801
solar,59801
gutter cleaning,59801
porches,59801
masonry contractor,59801
electrician,59801
appliance repair,59801
upholstery cleaning,59801
tile and grout cleaning,59801
garage door repair,59801
swimming pool installation,59801
drain cleaning,59801
drywall contractors,59801
painting,59801
foundation repair,59801
air duct cleaning,59801
mosquito control,59801
painting,70601
upholstery cleaning,70601
appliance repair,70601
cabinets,70601
mosquito control,70601
fencing contractor,70601
long distance mover,70601
flooring hardwood,70601
air duct cleaning,70601
solar,70601
carpet cleaning,70601
porches,70601
countertops,70601
furniture mover,70601
maid service,70601
plumbing,70601
masonry contractor,70601
drain cleaning,70601
gate repair,70601
maid service,32320
mosquito control,32320
carpet cleaning,32320
locksmith,32320
foundation repair,32320
electrician,32320
drain cleaning,32320
gutter cleaning,32320
handyman,32320
gate repair,32320
long distance mover,32320
porches,32320
pool repair,32320
painting,32320
masonry contractor,32320
furniture mover,32320
porches,66060
masonry contractor,66060
gate repair,66060
flooring hardwood,66060
cabinets,66060
remodel contractors,66060
upholstery cleaning,66060
pool repair,66060
mosquito control,66060
maid service,66060
plumbing,66060
air duct cleaning,66060
countertops,66060
handyman,66060
tile and grout cleaning,66060
swimming pool installation,47901
mosquito control,47901
maid service,47901
gate repair,47901
long distance mover,47901
countertops,47901
garage door repair,47901
landscaper,47901
tile and grout cleaning,47901
appliance repair,47901
plumbing,47901
upholstery cleaning,47901
flooring hardwood,47901
remodel contractors,47901
pool repair,47901
carpet cleaning,47901
porches,47901
solar,47901
foundation repair,47901
gutter cleaning,47901
locksmith,47901
locksmith,29902
flooring hardwood,29902
gate repair,29902
plumbing,29902
porches,29902
garage door repair,29902
upholstery cleaning,29902
carpet cleaning,29902
fencing contractor,29902
countertops,29902
handyman,29902
long distance mover,29902
appliance repair,29902
pool repair,29902
masonry contractor,29902
maid service,29902
mosquito control,29902
tile and grout cleaning,29902
electrician,29902
masonry contractor,59631
landscaper,59631
appliance repair,59631
garage door repair,59631
pest control,59631
air duct cleaning,59631
pool repair,59631
upholstery cleaning,59631
porches,59631
long distance mover,59631
carpet cleaning,59631
furniture mover,59631
mosquito control,59631
gate repair,59631
tile and grout cleaning,59631
gutter cleaning,59631
drain cleaning,59631
swimming pool installation,59631
mosquito control,85333
gate repair,85333
carpet cleaning,85333
tile and grout cleaning,85333
air duct cleaning,85333
fencing contractor,85333
flooring hardwood,85333
painting,85333
maid service,85333
masonry contractor,85333
appliance repair,85333
countertops,85333
gutter cleaning,85333
pool repair,85333
air conditioning,85333
drain cleaning,85333
furniture mover,85333
landscaper,85333
locksmith,85333
swimming pool installation,85333
plumbing,85333
porches,85333
drywall contractors,85333
garage door repair,85333
cabinets,85333
foundation repair,85333
long distance mover,85333
upholstery cleaning,85333
remodel contractors,85333
maid service,13021
locksmith,13021
countertops,13021
mosquito control,13021
porches,13021
furniture mover,13021
long distance mover,13021
gate repair,13021
upholstery cleaning,13021
appliance repair,13021
furniture mover,70656
painting,70656
maid service,70656
plumbing,70656
swimming pool installation,70656
pest control,70656
flooring hardwood,70656
long distance mover,70656
masonry contractor,70656
gate repair,70656
landscaper,70656
cabinets,70656
air duct cleaning,70656
countertops,70656
pool repair,70656
gutter cleaning,70656
drain cleaning,70656
locksmith,70656
solar,70656
tile and grout cleaning,70656
upholstery cleaning,70656
foundation repair,70656
mosquito control,70656
garage door repair,48740
solar,48740
roofing,48740
air conditioning,48740
masonry contractor,48740
maid service,48740
gate repair,48740
appliance repair,48740
remodel contractors,48740
upholstery cleaning,48740
carpet cleaning,48740
porches,48740
drain cleaning,48740
mosquito control,48740
flooring hardwood,48740
pest control,48740
fencing contractor,48740
cabinets,48740
tile and grout cleaning,48740
air duct cleaning,48740
countertops,48740
pool repair,48740
furniture mover,48740
foundation repair,48740
electrician,48740
painting,48740
locksmith,48740
landscaper,48740
gutter cleaning,48740
swimming pool installation,48740
plumbing,48740
long distance mover,48740
handyman,48740
mosquito control,59001
gate repair,59001
landscaper,59001
masonry contractor,59001
air duct cleaning,59001
drywall contractors,59001
solar,59001
furniture mover,59001
porches,59001
tile and grout cleaning,59001
gutter cleaning,59001
swimming pool installation,59001
maid service,59001
long distance mover,59001
carpet cleaning,59001
locksmith,59001
foundation repair,59001
appliance repair,59001
handyman,59001
masonry contractor,77950
tile and grout cleaning,77950
swimming pool installation,77950
solar,77950
painting,77950
handyman,77950
drywall contractors,77950
furniture mover,77950
locksmith,77950
garage door repair,77950
landscaper,53502
remodel contractors,53502
locksmith,53502
gate repair,53502
drywall contractors,53502
handyman,53502
flooring hardwood,53502
porches,16113
handyman,16113
mosquito control,16113
gate repair,16113
air duct cleaning,16113
furniture mover,16113
long distance mover,16113
air conditioning,16113
pest control,16113
swimming pool installation,16113
plumbing,83301
appliance repair,83301
air conditioning,83301
handyman,83301
upholstery cleaning,83301
foundation repair,83301
pool repair,83301
flooring hardwood,83301
gutter cleaning,83301
garage door repair,83301
long distance mover,83301
furniture mover,83301
masonry contractor,83301
mosquito control,83301
locksmith,83301
gate repair,83301
fencing contractor,83301
solar,83301
tile and grout cleaning,83301
swimming pool installation,83301
air duct cleaning,83301
maid service,83301
mosquito control,19930
long distance mover,19930
gate repair,19930
carpet cleaning,19930
tile and grout cleaning,19930
electrician,19930
solar,19930
drywall contractors,19930
handyman,19930
garage door repair,19930
pest control,19930
maid service,19930
upholstery cleaning,19930
painting,19930
swimming pool installation,19930
locksmith,19930
drain cleaning,31601
tile and grout cleaning,31601
locksmith,31601
plumbing,31601
upholstery cleaning,31601
garage door repair,31601
cabinets,31601
maid service,31601
porches,31601
solar,31601
gate repair,31601
long distance mover,31601
furniture mover,31601
swimming pool installation,31601
foundation repair,31601
masonry contractor,31601
electrician,52501
air conditioning,52501
plumbing,52501
long distance mover,52501
tile and grout cleaning,52501
solar,52501
painting,52501
drain cleaning,52501
furniture mover,52501
pool repair,52501
foundation repair,52501
flooring hardwood,52501
fencing contractor,52501
pest control,52501
landscaper,52501
handyman,52501
carpet cleaning,52501
mosquito control,52501
gutter cleaning,52501
gate repair,52501
drywall contractors,52501
cabinets,52501
locksmith,52501
air duct cleaning,52501
swimming pool installation,52501
maid service,52501
roofing,52501
appliance repair,52501
garage door repair,52501
porches,52501
masonry contractor,52501
gate repair,35459
cabinets,35459
flooring hardwood,35459
mosquito control,35459
drain cleaning,35459
tile and grout cleaning,35459
pest control,35459
upholstery cleaning,35459
handyman,35459
air duct cleaning,35459
porches,35459
appliance repair,35459
furniture mover,35459
electrician,35459
countertops,35459
maid service,35459
solar,35459
gutter cleaning,35459
long distance mover,35459
carpet cleaning,35459
pool repair,35459
locksmith,35459
foundation repair,35459
drywall contractors,35459
roofing,35459
masonry contractor,35459
swimming pool installation,26101
painting,26101
roofing,26101
maid service,26101
garage door repair,26101
locksmith,26101
gutter cleaning,26101
remodel contractors,26101
gate repair,26101
cabinets,26101
countertops,26101
flooring hardwood,26101
handyman,26101
upholstery cleaning,26101
tile and grout cleaning,26101
mosquito control,26101
carpet cleaning,26101
air duct cleaning,26101
foundation repair,26101
appliance repair,26101
landscaper,26101
porches,26101
furniture mover,26101
drain cleaning,26101
fencing contractor,26101
pool repair,26101
solar,26101
long distance mover,26101
masonry contractor,43316
long distance mover,43316
drywall contractors,43316
fencing contractor,92201
pest control,92201
painting,92201
locksmith,92201
drain cleaning,92201
electrician,92201
flooring hardwood,92201
upholstery cleaning,92201
cabinets,92201
carpet cleaning,92201
furniture mover,92201
handyman,92201
roofing,92201
maid service,92201
tile and grout cleaning,92201
garage door repair,92201
gutter cleaning,92201
foundation repair,92201
mosquito control,92201
plumbing,92201
long distance mover,92201
swimming pool installation,92201
porches,92201
drywall contractors,92201
porches,97324
mosquito control,97324
air conditioning,97324
appliance repair,97324
upholstery cleaning,97324
fencing contractor,97324
air duct cleaning,97324
foundation repair,97324
swimming pool installation,97324
roofing,97324
plumbing,97324
long distance mover,97324
electrician,97324
gate repair,97324
carpet cleaning,97324
carpet cleaning,60911
appliance repair,60911
remodel contractors,60911
cabinets,60911
garage door repair,60911
furniture mover,60911
locksmith,60911
pest control,60911
electrician,60911
gate repair,60911
long distance mover,60911
fencing contractor,48808
locksmith,48808
porches,48808
long distance mover,48808
furniture mover,48808
plumbing,48808
maid service,48808
solar,48808
appliance repair,48808
pool repair,48808
upholstery cleaning,48808
gutter cleaning,48808
swimming pool installation,48808
carpet cleaning,48808
masonry contractor,48808
tile and grout cleaning,48808
painting,48808
gate repair,48808
landscaper,59032
flooring hardwood,59032
carpet cleaning,59032
furniture mover,59032
drain cleaning,59032
solar,59032
mosquito control,59032
maid service,59032
fencing contractor,59032
garage door repair,59032
masonry contractor,59032
locksmith,59032
handyman,59032
foundation repair,59032
cabinets,59032
electrician,59032
appliance repair,59032
long distance mover,59032
tile and grout cleaning,59032
air duct cleaning,59032
remodel contractors,59032
pool repair,59032
porches,59032
swimming pool installation,59032
gate repair,59032
countertops,59032
upholstery cleaning,59032
drywall contractors,59032
long distance mover,38721
maid service,38721
air duct cleaning,38721
solar,38721
flooring hardwood,38721
garage door repair,38721
upholstery cleaning,38721
carpet cleaning,38721
gate repair,38721
porches,38721
furniture mover,95501
drywall contractors,95501
painting,95501
long distance mover,95501
gutter cleaning,95501
solar,95501
locksmith,95501
drain cleaning,95501
maid service,95501
air conditioning,95501
mosquito control,95501
roofing,95501
electrician,95501
upholstery cleaning,95501
tile and grout cleaning,95501
flooring hardwood,95501
gate repair,95501
appliance repair,95501
carpet cleaning,95501
landscaper,95501
remodel contractors,95501
porches,95501
cabinets,95501
air duct cleaning,95501
pest control,95501
handyman,95501
garage door repair,95501
foundation repair,95501
masonry contractor,95501
pool repair,95501
countertops,95501
pest control,57521
upholstery cleaning,57521
carpet cleaning,57521
drywall contractors,57521
pool repair,57521
furniture mover,57521
flooring hardwood,57521
landscaper,57521
plumbing,57521
porches,57521
appliance repair,57521
maid service,57521
air duct cleaning,57521
locksmith,57521
masonry contractor,57521
countertops,57521
mosquito control,57521
cabinets,57521
garage door repair,12167
locksmith,12167
porches,12167
countertops,12167
air duct cleaning,12167
gate repair,12167
pest control,12167
drain cleaning,12167
mosquito control,12167
maid service,12167
furniture mover,12167
air conditioning,12167
appliance repair,12167
long distance mover,12167
upholstery cleaning,12167
pool repair,12167
carpet cleaning,12167
tile and grout cleaning,12167
landscaper,12167
maid service,32601
solar,32601
masonry contractor,32601
mosquito control,32601
plumbing,32601
appliance repair,32601
landscaper,32601
handyman,32601
furniture mover,32601
countertops,32601
locksmith,32601
drywall contractors,32601
fencing contractor,32601
porches,32601
cabinets,32601
garage door repair,32601
electrician,32601
carpet cleaning,32601
pool repair,32601
swimming pool installation,32601
gate repair,32601
drain cleaning,32601
tile and grout cleaning,32601
long distance mover,32601
roofing,32601
pest control,32601
gutter cleaning,32601
countertops,70501
air duct cleaning,70501
porches,70501
solar,70501
long distance mover,70501
tile and grout cleaning,70501
garage door repair,70501
locksmith,70501
masonry contractor,70501
drywall contractors,70501
electrician,70501
long distance mover,45801
cabinets,45801
gutter cleaning,45801
solar,45801
furniture mover,45801
locksmith,45801
maid service,45801
plumbing,45801
swimming pool installation,45801
handyman,45801
tile and grout cleaning,45801
porches,45801
electrician,45801
pest control,45801
pool repair,60113
appliance repair,60113
swimming pool installation,60113
carpet cleaning,60113
countertops,60113
locksmith,60113
furniture mover,60113
plumbing,60113
long distance mover,60113
remodel contractors,60113
drain cleaning,60113
gate repair,60113
mosquito control,60113
masonry contractor,60113
drywall contractors,60113
fencing contractor,60113
countertops,31015
furniture mover,31015
gate repair,31015
upholstery cleaning,31015
foundation repair,31015
long distance mover,31015
drywall contractors,31015
tile and grout cleaning,31015
pest control,31015
masonry contractor,31015
porches,31015
gutter cleaning,31015
fencing contractor,31015
carpet cleaning,31015
appliance repair,31015
solar,31015
locksmith,31015
cabinets,31015
maid service,31015
handyman,31015
drain cleaning,31015
mosquito control,31015
landscaper,31015
flooring hardwood,31015
swimming pool installation,31015
carpet cleaning,63333
countertops,63333
pool repair,63333
locksmith,63333
fencing contractor,63333
swimming pool installation,63333
flooring hardwood,63333
pest control,63333
maid service,63333
upholstery cleaning,63333
garage door repair,63333
masonry contractor,63333
long distance mover,63333
landscaper,63333
gate repair,63333
porches,63333
tile and grout cleaning,63333
appliance repair,63333
furniture mover,63333
foundation repair,59259
plumbing,59259
appliance repair,59259
carpet cleaning,59259
furniture mover,59259
landscaper,59259
remodel contractors,59259
long distance mover,59259
electrician,59259
roofing,59259
air conditioning,59259
countertops,59259
upholstery cleaning,59259
air duct cleaning,59259
porches,59259
handyman,59259
gate repair,59259
cabinets,59259
drain cleaning,59259
painting,59259
masonry contractor,59259
gutter cleaning,59259
pest control,59259
garage door repair,59259
tile and grout cleaning,59259
swimming pool installation,59259
solar,59259
mosquito control,59259
locksmith,59259
drywall contractors,59259
pool repair,59259
fencing contractor,59259
flooring hardwood,59259
maid service,59259
maid service,26003
mosquito control,26003
swimming pool installation,26003
appliance repair,26003
gate repair,26003
pest control,26003
cabinets,26003
air duct cleaning,26003
countertops,26003
handyman,26003
porches,26003
drain cleaning,26003
masonry contractor,26003
fencing contractor,26003
plumbing,26003
carpet cleaning,26003
solar,26003
tile and grout cleaning,26003
electrician,26003
painting,26003
furniture mover,26003
upholstery cleaning,26003
pool repair,26003
long distance mover,26003
locksmith,26003
furniture mover,12155
drywall contractors,12155
garage door repair,12155
maid service,12155
pool repair,12155
porches,12155
appliance repair,12155
carpet cleaning,12155
mosquito control,12155
gate repair,12155
swimming pool installation,12155
drain cleaning,12155
pest control,12155
countertops,12155
foundation repair,12155
solar,12155
long distance mover,12155
air conditioning,12155
garage door repair,69341
drywall contractors,69341
electrician,69341
pest control,69341
pool repair,69341
landscaper,69341
mosquito control,69341
drain cleaning,69341
cabinets,69341
appliance repair,69341
gutter cleaning,69341
foundation repair,69341
plumbing,69341
tile and grout cleaning,69341
locksmith,69341
gate repair,69341
swimming pool installation,69341
maid service,69341
countertops,69341
masonry contractor,69341
porches,69341
flooring hardwood,69341
handyman,69341
fencing contractor,78040
air duct cleaning,78040
pool repair,78040
drain cleaning,78040
locksmith,78040
long distance mover,78040
drywall contractors,78040
solar,78040
cabinets,78040
handyman,78040
swimming pool installation,78040
maid service,78040
carpet cleaning,78040
gutter cleaning,78040
furniture mover,78040
porches,78040
tile and grout cleaning,78040
foundation repair,78040
mosquito control,78040
garage door repair,78040
flooring hardwood,78040
roofing,78040
plumbing,78040
countertops,78040
upholstery cleaning,78040
appliance repair,78040
pest control,78040
masonry contractor,78040
furniture mover,38220
countertops,38220
foundation repair,38220
long distance mover,38220
cabinets,38220
gutter cleaning,38220
drain cleaning,38220
gate repair,38220
fencing contractor,38220
appliance repair,38220
pool repair,38220
tile and grout cleaning,38220
solar,38220
air conditioning,38220
painting,38220
upholstery cleaning,38220
pest control,38220
maid service,38220
handyman,38220
flooring hardwood,38220
porches,38220
swimming pool installation,38220
cabinets,28320
furniture mover,28320
appliance repair,28320
pest control,28320
upholstery cleaning,28320
porches,28320
solar,28320
maid service,28320
foundation repair,28320
countertops,28320
tile and grout cleaning,28320
long distance mover,28320
gate repair,28320
long distance mover,42101
remodel contractors,42101
handyman,42101
countertops,42101
cabinets,42101
swimming pool installation,42101
landscaper,42101
furniture mover,42101
appliance repair,42101
plumbing,42101
pest control,42101
drain cleaning,42101
foundation repair,42101
tile and grout cleaning,42101
masonry contractor,42101
locksmith,42101
maid service,42101
fencing contractor,42101
porches,42101
air duct cleaning,42101
flooring hardwood,56001
masonry contractor,56001
upholstery cleaning,56001
countertops,56001
furniture mover,56001
swimming pool installation,56001
drywall contractors,56001
remodel contractors,56001
long distance mover,56001
pool repair,56001
fencing contractor,56001
cabinets,56001
solar,56001
locksmith,56001
pest control,56001
gate repair,56001
garage door repair,56001
tile and grout cleaning,56001
landscaper,56001
plumbing,56001
handyman,56001
porches,56001
maid service,56001
drain cleaning,56001
carpet cleaning,56001
flooring hardwood,51230
plumbing,51230
porches,51230
maid service,51230
gate repair,51230
solar,51230
appliance repair,51230
masonry contractor,51230
long distance mover,51230
pool repair,51230
carpet cleaning,51230
swimming pool installation,51230
gutter cleaning,16110
masonry contractor,16110
carpet cleaning,16110
remodel contractors,16110
locksmith,16110
roofing,16110
plumbing,16110
tile and grout cleaning,16110
appliance repair,16110
swimming pool installation,16110
pest control,16110
solar,16110
countertops,16110
maid service,16110
flooring hardwood,16110
long distance mover,16110
handyman,16110
painting,16110
porches,16110
upholstery cleaning,16110
fencing contractor,16110
cabinets,16110
furniture mover,16110
garage door repair,16110
mosquito control,16110
tile and grout cleaning,71001
garage door repair,71001
upholstery cleaning,71001
plumbing,71001
drain cleaning,71001
long distance mover,71001
maid service,71001
porches,71001
furniture mover,71001
gate repair,71001
tile and grout cleaning,76825
gutter cleaning,76825
long distance mover,76825
mosquito control,76825
swimming pool installation,76825
upholstery cleaning,76825
porches,76825
pool repair,76825
furniture mover,76825
masonry contractor,76825
garage door repair,76825
air conditioning,76825
electrician,76825
maid service,76825
drain cleaning,76825
drywall contractors,76825
countertops,76825
handyman,76825
solar,76825
air duct cleaning,76825
gate repair,76825
locksmith,76825
upholstery cleaning,31709
handyman,31709
locksmith,31709
carpet cleaning,31709
cabinets,31709
garage door repair,31709
pool repair,31709
masonry contractor,31709
furniture mover,31709
foundation repair,31709
long distance mover,31709
tile and grout cleaning,31709
porches,31709
gate repair,31709
plumbing,31709
air duct cleaning,31709
maid service,59410
swimming pool installation,59410
tile and grout cleaning,59410
appliance repair,59410
porches,59410
gutter cleaning,59410
fencing contractor,59410
drain cleaning,59410
plumbing,59410
countertops,59410
solar,59410
masonry contractor,59410
cabinets,59410
locksmith,59410
long distance mover,59410
mosquito control,59410
drywall contractors,59410
pool repair,59410
garage door repair,59410
carpet cleaning,59410
air duct cleaning,59410
furniture mover,59410
flooring hardwood,59410
gate repair,59410
pest control,49801
handyman,49801
plumbing,49801
furniture mover,49801
garage door repair,49801
porches,49801
roofing,49801
carpet cleaning,49801
foundation repair,49801
mosquito control,49801
swimming pool installation,49801
flooring hardwood,49801
pool repair,49801
long distance mover,49801
appliance repair,49801
air duct cleaning,49801
air conditioning,49801
gutter cleaning,49801
countertops,49801
fencing contractor,49801
remodel contractors,49801
maid service,49801
gate repair,49801
cabinets,49801
painting,49801
masonry contractor,49801
upholstery cleaning,49801
locksmith,49801
drain cleaning,49801
electrician,49801
tile and grout cleaning,49801
drywall contractors,49801
solar,49801
landscaper,49801
drywall contractors,30411
appliance repair,30411
gate repair,30411
maid service,30411
swimming pool installation,30411
long distance mover,30411
garage door repair,30411
cabinets,30411
porches,30411
locksmith,30411
drain cleaning,30411
foundation repair,30411
masonry contractor,30411
solar,30411
tile and grout cleaning,30411
remodel contractors,12927
electrician,12927
maid service,12927
pool repair,12927
upholstery cleaning,12927
long distance mover,12927
swimming pool installation,12927
drywall contractors,12927
masonry contractor,12927
mosquito control,12927
flooring hardwood,12927
gate repair,12927
appliance repair,12927
drain cleaning,12927
foundation repair,12927
air duct cleaning,12927
tile and grout cleaning,12927
handyman,12927
locksmith,12927
carpet cleaning,12927
fencing contractor,12927
plumbing,12927
gutter cleaning,12927
pest control,12927
porches,12927
furniture mover,12927
garage door repair,12927
tile and grout cleaning,43701
upholstery cleaning,43701
drain cleaning,43701
porches,43701
air duct cleaning,43701
countertops,43701
pool repair,43701
long distance mover,43701
handyman,43701
locksmith,43701
foundation repair,43701
maid service,43701
electrician,43701
flooring hardwood,43701
cabinets,43701
landscaper,43701
mosquito control,43701
painting,43701
air conditioning,43701
appliance repair,43701
furniture mover,43701
solar,43701
gutter cleaning,43701
garage door repair,43701
gate repair,43701
furniture mover,73401
pool repair,73401
appliance repair,73401
masonry contractor,73401
countertops,73401
drain cleaning,73401
carpet cleaning,73401
pest control,73401
upholstery cleaning,73401
maid service,73401
locksmith,73401
air duct cleaning,73401
roofing,73401
handyman,73401
painting,73401
garage door repair,73401
drywall contractors,73401
long distance mover,73401
cabinets,73401
gate repair,73401
tile and grout cleaning,73401
swimming pool installation,73401
flooring hardwood,73401
porches,73401
landscaper,73401
remodel contractors,73401
gutter cleaning,73401
mosquito control,73401
painting,52624
handyman,52624
gate repair,52624
fencing contractor,52624
swimming pool installation,52624
appliance repair,52624
pool repair,52624
cabinets,52624
furniture mover,52624
pest control,52624
maid service,52624
solar,52624
air conditioning,52624
plumbing,52624
mosquito control,52624
locksmith,52624
porches,52624
long distance mover,52624
electrician,52624
tile and grout cleaning,52624
cabinets,73055
pest control,73055
foundation repair,73055
masonry contractor,73055
locksmith,73055
drywall contractors,73055
flooring hardwood,73055
air duct cleaning,73055
porches,73055
tile and grout cleaning,73055
roofing,73055
maid service,73055
appliance repair,73055
gutter cleaning,73055
mosquito control,73055
upholstery cleaning,73055
long distance mover,73055
gate repair,73055
gate repair,14572
long distance mover,14572
maid service,14572
electrician,14572
locksmith,14572
flooring hardwood,14572
appliance repair,14572
roofing,14572
gutter cleaning,14572
upholstery cleaning,14572
solar,14572
countertops,14572
pool repair,14572
painting,14572
air conditioning,14572
furniture mover,14572
garage door repair,14572
mosquito control,14572
handyman,72401
appliance repair,72401
gate repair,72401
pool repair,72401
plumbing,72401
furniture mover,72401
locksmith,72401
tile and grout cleaning,72401
drain cleaning,72401
swimming pool installation,72401
mosquito control,72401
long distance mover,72401
upholstery cleaning,72401
foundation repair,72401
landscaper,72401
air duct cleaning,72401
painting,72401
porches,72401
fencing contractor,72401
drywall contractors,72401
solar,72401
flooring hardwood,72401
maid service,72401
roofing,89310
plumbing,89310
porches,89310
garage door repair,89310
air conditioning,89310
countertops,89310
handyman,89310
furniture mover,89310
mosquito control,89310
electrician,89310
gutter cleaning,89310
foundation repair,89310
maid service,89310
tile and grout cleaning,89310
long distance mover,89310
pool repair,89310
gate repair,22801
foundation repair,22801
maid service,22801
countertops,22801
mosquito control,22801
tile and grout cleaning,22801
porches,22801
masonry contractor,22801
furniture mover,22801
pool repair,22801
roofing,22801
landscaper,22801
upholstery cleaning,22801
cabinets,22801
garage door repair,22801
drywall contractors,22801
swimming pool installation,22801
long distance mover,22801
countertops,28901
porches,28901
landscaper,28901
air duct cleaning,28901
upholstery cleaning,28901
furniture mover,28901
carpet cleaning,28901
locksmith,28901
gate repair,28901
gutter cleaning,28901
long distance mover,28901
drywall contractors,28901
swimming pool installation,28901
cabinets,28901
solar,28901
maid service,28901
gate repair,22715
handyman,22715
mosquito control,22715
air duct cleaning,22715
pest control,22715
air conditioning,22715
garage door repair,22715
locksmith,22715
cabinets,22715
maid service,22715
countertops,22715
porches,22715
tile and grout cleaning,22715
drywall contractors,22715
painting,22715
drain cleaning,22715
furniture mover,22715
long distance mover,22715
upholstery cleaning,22715
flooring hardwood,22715
foundation repair,22715
long distance mover,73844
garage door repair,73844
gate repair,73844
masonry contractor,73844
porches,73844
electrician,73844
handyman,73844
appliance repair,73844
remodel contractors,73844
carpet cleaning,73844
furniture mover,73844
countertops,73844
drain cleaning,73844
pool repair,73844
maid service,73844
tile and grout cleaning,73844
masonry contractor,97701
long distance mover,97701
garage door repair,97701
pest control,97701
furniture mover,97701
maid service,97701
gutter cleaning,97701
swimming pool installation,97701
appliance repair,97701
mosquito control,97701
tile and grout cleaning,97701
pool repair,97701
air conditioning,97701
gate repair,97701
electrician,97701
locksmith,97701
porches,97701
carpet cleaning,97701
countertops,97701
appliance repair,29003
drain cleaning,29003
fencing contractor,29003
flooring hardwood,29003
foundation repair,29003
garage door repair,29003
gutter cleaning,29003
landscaper,29003
mosquito control,29003
pest control,29003
pool repair,29003
roofing,29003
tile and grout cleaning,04401
foundation repair,83327
gate repair,83327
roofing,83327
electrician,01005
furniture mover,01005
handyman,01005
landscaper,01005
air conditioning,52030
drain cleaning,52030
foundation repair,52030
garage door repair,52030
gutter cleaning,52030
handyman,52030
pest control,52030
roofing,52030
solar,52030
swimming pool installation,52030
air conditioning,24133
air duct cleaning,24133
appliance repair,24133
cabinets,24133
carpet cleaning,24133
countertops,24133
drain cleaning,24133
electrician,24133
fencing contractor,24133
flooring hardwood,24133
foundation repair,24133
garage door repair,24133
gutter cleaning,24133
handyman,24133
landscaper,24133
locksmith,24133
long distance mover,24133
masonry contractor,24133
mosquito control,24133
painting,24133
pest control,24133
plumbing,24133
porches,24133
remodel contractors,24133
roofing,24133
swimming pool installation,24133
tile and grout cleaning,24133
upholstery cleaning,24133
furniture mover,06010
gate repair,06010
gate repair,96701
landscaper,96701
swimming pool installation,96701
tile and grout cleaning,96701
appliance repair,35016
air conditioning,46001
air duct cleaning,46001
appliance repair,46001
cabinets,46001
carpet cleaning,46001
countertops,46001
drain cleaning,46001
drywall contractors,46001
electrician,46001
fencing contractor,46001
flooring hardwood,46001
foundation repair,46001
furniture mover,46001
garage door repair,46001
gutter cleaning,46001
handyman,46001
landscaper,46001
maid service,46001
masonry contractor,46001
mosquito control,46001
pest control,46001
plumbing,46001
pool repair,46001
remodel contractors,46001
roofing,46001
tile and grout cleaning,46001
upholstery cleaning,46001
drain cleaning,64728
garage door repair,64728
gate repair,64728
gutter cleaning,64728
handyman,64728
pool repair,64728
drain cleaning,40310
electrician,40310
flooring hardwood,40310
landscaper,40310
air conditioning,40004
drain cleaning,40004
drywall contractors,40004
pool repair,40004
pest control,96023
locksmith,71201
masonry contractor,71201
roofing,71201
swimming pool installation,71201
air duct cleaning,37010
carpet cleaning,37010
countertops,37010
drain cleaning,37010
drywall contractors,37010
flooring hardwood,37010
garage door repair,37010
gate repair,37010
gutter cleaning,37010
landscaper,37010
masonry contractor,37010
plumbing,37010
pool repair,37010
solar,37010
tile and grout cleaning,37010
handyman,38079
plumbing,38079
painting,03227
painting,04730
flooring hardwood,02703
porches,02703
swimming pool installation,02703
gate repair,01007
pest control,01007
solar,01007
air duct cleaning,62001
flooring hardwood,62001
garage door repair,62001
solar,62001
handyman,24201
tile and grout cleaning,24201
air duct cleaning,17238
drain cleaning,17238
drywall contractors,17238
electrician,17238
foundation repair,17238
furniture mover,17238
garage door repair,17238
gate repair,17238
long distance mover,17238
masonry contractor,17238
mosquito control,17238
pest control,17238
plumbing,17238
solar,17238
swimming pool installation,17238
roofing,66840
